{"TrainingTime": 350.24721749623615, "BatchSize": 32, "Epochs": 10, "train_metrics": {"Epoch": 9, "TrainLoss": 2.6890883445739746, "TrainAccuracy": 0.0}}