{"TrainingTime": 646.9663797219595, "BatchSize": 32, "Epochs": 20, "train_metrics": {"Epoch": 19, "TrainLoss": 2.657839775085449, "TrainAccuracy": 0.03125}}