{"TrainingTime": 0.6522203048070272, "BatchSize": 32, "Epochs": 1, "train_metrics": {"Epoch": 0, "TrainLoss": 2.5778770446777344, "TrainAccuracy": 0.0625}}