{"TrainingTime": 32.11358732779821, "BatchSize": 128, "Epochs": 1, "train_metrics": {"Epoch": 0, "TrainLoss": 2.3819878101348877, "TrainAccuracy": 0.3020833333333333}}