{"TrainingTime": 9.475806295871735, "BatchSize": 32, "Epochs": 30, "train_metrics": {"Epoch": 29, "TrainLoss": 2.5099380016326904, "TrainAccuracy": 0.15625}}